FID,Shape,class,class_code,comm_code,comm_struc,name,sector,srg,Area_sq_m
48,Polygon,Residual Sub Area,4,01B,UNDEVELOPED,01B,NORTHWEST,N/A,1994290
288,Polygon,Residual Sub Area,4,01C,OTHER,01C,WEST,N/A,854338
184,Polygon,Residual Sub Area,4,01F,2000s,01F,NORTHWEST,BUILT-OUT,884174
178,Polygon,Residual Sub Area,4,01H,UNDEVELOPED,01H,WEST,N/A,2532020
261,Polygon,Residual Sub Area,4,01I,UNDEVELOPED,01I,WEST,N/A,141934
282,Polygon,Residual Sub Area,4,01K,UNDEVELOPED,01K,NORTHWEST,N/A,5289170
91,Polygon,Residual Sub Area,4,02B,UNDEVELOPED,02B,NORTH,N/A,2665280
237,Polygon,Residual Sub Area,4,02C,UNDEVELOPED,02C,NORTH,N/A,1505940
266,Polygon,Residual Sub Area,4,02E,OTHER,02E,NORTHWEST,N/A,2635820
118,Polygon,Residual Sub Area,4,02F,OTHER,02F,NORTHWEST,N/A,3279910
43,Polygon,Residual Sub Area,4,02K,UNDEVELOPED,02K,NORTH,N/A,6807540
162,Polygon,Residual Sub Area,4,02L,OTHER,02L,NORTH,N/A,10112500
143,Polygon,Residual Sub Area,4,03D,UNDEVELOPED,03D,NORTH,N/A,726463
269,Polygon,Residual Sub Area,4,03W,OTHER,03W,NORTH,N/A,14822600
284,Polygon,Residual Sub Area,4,05D,OTHER,05D,NORTHEAST,N/A,1451960
283,Polygon,Residual Sub Area,4,05E,UNDEVELOPED,05E,NORTHEAST,N/A,3134350
280,Polygon,Residual Sub Area,4,05F,UNDEVELOPED,05F,NORTHEAST,N/A,1080990
297,Polygon,Residual Sub Area,4,05G,OTHER,05G,NORTHEAST,N/A,529752
154,Polygon,Residual Sub Area,4,06A,UNDEVELOPED,06A,WEST,N/A,2835440
275,Polygon,Residual Sub Area,4,06B,OTHER,06B,WEST,N/A,495363
287,Polygon,Residual Sub Area,4,06C,UNDEVELOPED,06C,WEST,N/A,457915
196,Polygon,Residual Sub Area,4,09D,OTHER,09D,CENTRE,N/A,403635
183,Polygon,Residual Sub Area,4,09H,OTHER,09H,EAST,N/A,562103
94,Polygon,Residual Sub Area,4,09K,UNDEVELOPED,09K,EAST,N/A,2183100
279,Polygon,Residual Sub Area,4,09O,OTHER,09O,EAST,N/A,8150040
276,Polygon,Residual Sub Area,4,09P,UNDEVELOPED,09P,EAST,N/A,6512580
285,Polygon,Residual Sub Area,4,09Q,OTHER,09Q,EAST,N/A,9122780
281,Polygon,Residual Sub Area,4,10D,OTHER,10D,NORTHEAST,N/A,831660
277,Polygon,Residual Sub Area,4,10E,OTHER,10E,NORTHEAST,N/A,1878090
2,Polygon,Residual Sub Area,4,12A,OTHER,12A,SOUTHEAST,N/A,11637200
21,Polygon,Residual Sub Area,4,12B,UNDEVELOPED,12B,SOUTHEAST,N/A,8061880
295,Polygon,Residual Sub Area,4,12C,OTHER,12C,SOUTHEAST,N/A,1653210
303,Polygon,Residual Sub Area,4,12I,UNDEVELOPED,12I,SOUTHEAST,N/A,6005090
49,Polygon,Residual Sub Area,4,12J,UNDEVELOPED,12J,SOUTHEAST,N/A,17277800
278,Polygon,Residual Sub Area,4,12K,UNDEVELOPED,12K,SOUTHEAST,N/A,793640
301,Polygon,Residual Sub Area,4,12L,OTHER,12L,SOUTHEAST,N/A,2579300
252,Polygon,Residual Sub Area,4,13A,UNDEVELOPED,13A,SOUTH,N/A,2654540
165,Polygon,Residual Sub Area,4,13B,UNDEVELOPED,13B,SOUTH,N/A,220010
173,Polygon,Residual Sub Area,4,13C,UNDEVELOPED,13C,SOUTH,N/A,2661360
74,Polygon,Residual Sub Area,4,13D,UNDEVELOPED,13D,SOUTH,N/A,3957400
47,Polygon,Residual Sub Area,4,13E,UNDEVELOPED,13E,SOUTH,N/A,2689200
210,Polygon,Residual Sub Area,4,13F,UNDEVELOPED,13F,SOUTH,N/A,2679630
35,Polygon,Residual Sub Area,4,13G,UNDEVELOPED,13G,SOUTH,N/A,5311810
116,Polygon,Residual Sub Area,4,13H,UNDEVELOPED,13H,SOUTH,N/A,202273
95,Polygon,Residual Sub Area,4,13I,UNDEVELOPED,13I,SOUTH,N/A,78740.8
286,Polygon,Residual Sub Area,4,13J,UNDEVELOPED,13J,SOUTH,N/A,1332450
294,Polygon,Residual Sub Area,4,13L,UNDEVELOPED,13L,SOUTH,N/A,699503
304,Polygon,Residual Sub Area,4,13M,UNDEVELOPED,13M,SOUTH,N/A,2847430
200,Polygon,Residential,1,ABB,2000s,ABBEYDALE,NORTHEAST,BUILT-OUT,1677800
78,Polygon,Residential,1,ACA,1960s/1970s,ACADIA,SOUTH,BUILT-OUT,3906820
229,Polygon,Residential,1,ALB,1950s,ALBERT PARK/RADISSON HEIGHTS,EAST,BUILT-OUT,2506700
11,Polygon,Residential,1,ALT,INNER CITY,ALTADORE,CENTRE,BUILT-OUT,2134500
234,Polygon,Industrial,2,AYB,EMPLOYMENT,ALYTH/BONNYBROOK,CENTRE,N/A,3812100
290,Polygon,Residential,1,APP,2000s,APPLEWOOD PARK,EAST,BUILT-OUT,1569410
98,Polygon,Residential,1,ARB, ,ARBOUR LAKE,NORTHWEST,BUILT-OUT,4421770
93,Polygon,Residential,1,ASP,BUILDING OUT,ASPEN WOODS,WEST,DEVELOPING,3823410
202,Polygon,Residential,1,AUB,BUILDING OUT,AUBURN BAY,SOUTHEAST,DEVELOPING,4517520
246,Polygon,Industrial,2,ABP,EMPLOYMENT,AURORA BUSINESS PARK,NORTH,N/A,2400180
254,Polygon,Residential,1,BNF,1950s,BANFF TRAIL,CENTRE,BUILT-OUT,1451940
251,Polygon,Residential,1,BNK,INNER CITY,BANKVIEW,CENTRE,BUILT-OUT,686794
140,Polygon,Residential,1,BYV,1960s/1970s,BAYVIEW,SOUTH,BUILT-OUT,424059
52,Polygon,Residential,1,BED,1960s/1970s,BEDDINGTON HEIGHTS,NORTH,BUILT-OUT,3200200
187,Polygon,Residential,1,BEL,1960s/1970s,BEL-AIRE,CENTRE,BUILT-OUT,337087
292,Polygon,Residential,1,BLM,BUILDING OUT,BELMONT,SOUTH,DEVELOPING,2856500
257,Polygon,Residential,1,BLN,CENTRE CITY,BELTLINE,CENTRE,BUILT-OUT,2945180
289,Polygon,Residential,1,BVD,BUILDING OUT,BELVEDERE,EAST,BUILT-OUT,3666590
174,Polygon,Residential,1,BDO,1960s/1970s,BONAVISTA DOWNS,SOUTH,BUILT-OUT,537915
138,Polygon,Residential,1,BOW,1950s,BOWNESS,NORTHWEST,BUILT-OUT,5608950
208,Polygon,Residential,1,BRA,1960s/1970s,BRAESIDE,SOUTH,BUILT-OUT,1961250
207,Polygon,Residential,1,BRE,1960s/1970s,BRENTWOOD,NORTHWEST,BUILT-OUT,2891160
62,Polygon,Residential,1,BRD,INNER CITY,BRIDGELAND/RIVERSIDE,CENTRE,BUILT-OUT,3049960
72,Polygon,Residential,1,BRI,2000s,BRIDLEWOOD,SOUTH,BUILT-OUT,3237490
88,Polygon,Residential,1,BRT,1950s,BRITANNIA,CENTRE,BUILT-OUT,503276
147,Polygon,Industrial,2,BUR,EMPLOYMENT,BURNS INDUSTRIAL,CENTRE,N/A,2899520
253,Polygon,Industrial,2,CIA,OTHER,CALGARY INTERNATIONAL AIRPORT,NORTHEAST,N/A,20588800
242,Polygon,Residential,1,CAM,1950s,CAMBRIAN HEIGHTS,CENTRE,BUILT-OUT,864173
255,Polygon,Major Park,3,COP,OTHER,CANADA OLYMPIC PARK,WEST,N/A,881976
86,Polygon,Residential,1,CAN,1960s/1970s,CANYON MEADOWS,SOUTH,BUILT-OUT,3078260
241,Polygon,Residential,1,CAP,1950s,CAPITOL HILL,CENTRE,BUILT-OUT,1418810
240,Polygon,Residential,1,CAR,BUILDING OUT,CARRINGTON,NORTH,DEVELOPING,2988760
194,Polygon,Residential,1,CAS,1980s/1990s,CASTLERIDGE,NORTHEAST,BUILT-OUT,1212390
167,Polygon,Residential,1,CED,1960s/1970s,CEDARBRAE,SOUTH,BUILT-OUT,2069970
25,Polygon,Residential,1,CHA,BUILDING OUT,CHAPARRAL,SOUTH,DEVELOPING,5385680
169,Polygon,Residential,1,CHW,1950s,CHARLESWOOD,NORTHWEST,BUILT-OUT,1830720
27,Polygon,Residential,1,CHN,CENTRE CITY,CHINATOWN,CENTRE,BUILT-OUT,247608
172,Polygon,Residential,1,CHK,1950s,CHINOOK PARK,SOUTH,BUILT-OUT,582746
115,Polygon,Residential,1,CHR,1980s/1990s,CHRISTIE PARK,WEST,BUILT-OUT,814029
123,Polygon,Residential,1,CIT,1980s/1990s,CITADEL,NORTHWEST,BUILT-OUT,2736170
180,Polygon,Residential,1,CSC,BUILDING OUT,CITYSCAPE,NORTHEAST,DEVELOPING,2309020
223,Polygon,Residential,1,CLI,INNER CITY,CLIFF BUNGALOW,CENTRE,BUILT-OUT,362797
247,Polygon,Residential,1,COA,1980s/1990s,COACH HILL,WEST,BUILT-OUT,1075610
232,Polygon,Residential,1,COL,1950s,COLLINGWOOD,NORTHWEST,BUILT-OUT,1559290
112,Polygon,Residential,1,CPF,BUILDING OUT,COPPERFIELD,SOUTHEAST,DEVELOPING,4592020
79,Polygon,Residential,1,COR,2000s,CORAL SPRINGS,NORTHEAST,BUILT-OUT,1817590
222,Polygon,Residential,1,CNS,2000s,CORNERSTONE,NORTHEAST,DEVELOPING,7686690
259,Polygon,Residential,1,CGR,2000s,COUGAR RIDGE,WEST,DEVELOPING,2218810
84,Polygon,Residential,1,COU,1980s/1990s,COUNTRY HILLS,NORTH,BUILT-OUT,1888780
245,Polygon,Residential,1,CHV,2000s,COUNTRY HILLS VILLAGE,NORTH,BUILT-OUT,952213
137,Polygon,Residential,1,COV,2000s,COVENTRY HILLS,NORTH,BUILT-OUT,4084560
181,Polygon,Residential,1,CRA,BUILDING OUT,CRANSTON,SOUTHEAST,DEVELOPING,8262210
23,Polygon,Residential,1,CRE,INNER CITY,CRESCENT HEIGHTS,CENTRE,BUILT-OUT,1625520
191,Polygon,Residential,1,CRM,2000s,CRESTMONT,WEST,BUILT-OUT,1645500
44,Polygon,Residential,1,CUR,BUILDING OUT,CURRIE BARRACKS,WEST,BUILT-OUT,983159
71,Polygon,Residential,1,DAL,1960s/1970s,DALHOUSIE,NORTHWEST,BUILT-OUT,3336590
146,Polygon,Residential,1,DRG,1980s/1990s,DEER RIDGE,SOUTH,BUILT-OUT,1417700
70,Polygon,Residential,1,DRN,1980s/1990s,DEER RUN,SOUTH,BUILT-OUT,1868580
231,Polygon,Industrial,2,DBC,EMPLOYMENT,DEERFOOT BUSINESS CENTRE,NORTHEAST,N/A,1967140
272,Polygon,Residential,1,DIA,1980s/1990s,DIAMOND COVE,SOUTH,BUILT-OUT,489030
77,Polygon,Residential,1,DIS,2000s,DISCOVERY RIDGE,WEST,BUILT-OUT,3599130
225,Polygon,Residential,1,DDG,1980s/1990s,DOUGLASDALE/GLEN,SOUTHEAST,BUILT-OUT,6439020
41,Polygon,Residential,1,DOV,1960s/1970s,DOVER,EAST,BUILT-OUT,4152930
130,Polygon,Residential,1,DNC,CENTRE CITY,DOWNTOWN COMMERCIAL CORE,CENTRE,BUILT-OUT,1328940
38,Polygon,Residential,1,DNE,CENTRE CITY,DOWNTOWN EAST VILLAGE,CENTRE,BUILT-OUT,520913
110,Polygon,Residential,1,DNW,CENTRE CITY,DOWNTOWN WEST END,CENTRE,BUILT-OUT,364607
256,Polygon,Residential,1,EAG,1960s/1970s,EAGLE RIDGE,SOUTH,BUILT-OUT,372052
32,Polygon,Industrial,2,EFV,EMPLOYMENT,EAST FAIRVIEW INDUSTRIAL,SOUTH,N/A,2312210
89,Polygon,Industrial,2,ESH,EMPLOYMENT,EAST SHEPARD INDUSTRIAL,SOUTHEAST,N/A,17303100
28,Polygon,Industrial,2,EFI,EMPLOYMENT,EASTFIELD,EAST,N/A,1124900
149,Polygon,Residential,1,EAU,CENTRE CITY,EAU CLAIRE,CENTRE,BUILT-OUT,516159
263,Polygon,Residential,1,EDG,1980s/1990s,EDGEMONT,NORTHWEST,BUILT-OUT,6620910
65,Polygon,Residential,1,EPK,INNER CITY,ELBOW PARK,CENTRE,BUILT-OUT,1786630
99,Polygon,Residential,1,EYA,1950s,ELBOYA,CENTRE,BUILT-OUT,720872
177,Polygon,Residential,1,ERI,1980s/1990s,ERIN WOODS,EAST,BUILT-OUT,1588740
81,Polygon,Residential,1,ERL,INNER CITY,ERLTON,CENTRE,BUILT-OUT,505479
100,Polygon,Residential,1,EVN,BUILDING OUT,EVANSTON,NORTH,DEVELOPING,4917120
58,Polygon,Residential,1,EVE,BUILDING OUT,EVERGREEN,SOUTH,DEVELOPING,4646000
262,Polygon,Residential,1,FAI,1950s,FAIRVIEW,SOUTH,BUILT-OUT,1320980
204,Polygon,Industrial,2,FVI,EMPLOYMENT,FAIRVIEW INDUSTRIAL,SOUTH,N/A,1278070
134,Polygon,Residential,1,FAL,1980s/1990s,FALCONRIDGE,NORTHEAST,BUILT-OUT,2156770
188,Polygon,Major Park,3,FPK,PARKS,FISH CREEK PARK,SOUTH,N/A,15579400
103,Polygon,Industrial,2,FHI,EMPLOYMENT,FOOTHILLS,EAST,N/A,7651780
85,Polygon,Residential,1,FHT,1960s/1970s,FOREST HEIGHTS,EAST,BUILT-OUT,1502730
156,Polygon,Residential,1,FLN,1950s,FOREST LAWN,EAST,BUILT-OUT,2317430
73,Polygon,Industrial,2,FLI,EMPLOYMENT,FOREST LAWN INDUSTRIAL,EAST,N/A,1539210
201,Polygon,Industrial,2,FRA,EMPLOYMENT,FRANKLIN,NORTHEAST,N/A,1464840
267,Polygon,Residential,1,GAG,BUILDING OUT,GARRISON GREEN,WEST,BUILT-OUT,374277
141,Polygon,Residential,1,GAW,INNER CITY,GARRISON WOODS,CENTRE,BUILT-OUT,777895
230,Polygon,Residential,1,GLA,1950s,GLAMORGAN,WEST,BUILT-OUT,1956140
216,Polygon,Residential,1,GBK,1950s,GLENBROOK,WEST,BUILT-OUT,1947520
45,Polygon,Residential,1,GDL,1950s,GLENDALE,WEST,BUILT-OUT,1363950
101,Polygon,Industrial,2,GBP,EMPLOYMENT,GLENDEER BUSINESS PARK,SOUTH,N/A,263774
39,Polygon,Major Park,3,GPK,PARKS,GLENMORE PARK,SOUTH,N/A,10162200
34,Polygon,Industrial,2,GTI,EMPLOYMENT,GOLDEN TRIANGLE,EAST,N/A,507555
217,Polygon,Industrial,2,GPI,EMPLOYMENT,GREAT PLAINS,EAST,N/A,4243840
128,Polygon,Residential,1,GRV,1960s/1970s,GREENVIEW,CENTRE,BUILT-OUT,453452
199,Polygon,Industrial,2,GRI,EMPLOYMENT,GREENVIEW INDUSTRIAL PARK,CENTRE,N/A,2138500
76,Polygon,Residential,1,GRE,1960s/1970s,GREENWOOD/GREENBRIAR,NORTHWEST,BUILT-OUT,1157710
136,Polygon,Residential,1,HAM,2000s,HAMPTONS,NORTHWEST,BUILT-OUT,3502430
189,Polygon,Residential,1,HAR,1980s/1990s,HARVEST HILLS,NORTH,BUILT-OUT,2179340
302,Polygon,Residential,1,HSN,BUILDING OUT,HASKAYNE,NORTHWEST,DEVELOPING,5826610
15,Polygon,Residential,1,HAW,1980s/1990s,HAWKWOOD,NORTHWEST,BUILT-OUT,3206640
268,Polygon,Residential,1,HAY,1950s,HAYSBORO,SOUTH,BUILT-OUT,2668290
26,Polygon,Residential,1,HID,1980s/1990s,HIDDEN VALLEY,NORTH,BUILT-OUT,4306120
166,Polygon,Industrial,2,HIF,EMPLOYMENT,HIGHFIELD,CENTRE,N/A,2736990
46,Polygon,Residential,1,HPK,1950s,HIGHLAND PARK,CENTRE,BUILT-OUT,1370250
20,Polygon,Residential,1,HIW,1950s,HIGHWOOD,CENTRE,BUILT-OUT,948901
12,Polygon,Residential,1,HIL,INNER CITY,HILLHURST,CENTRE,BUILT-OUT,2069250
299,Polygon,Residential,1,HSD,BUILDING OUT,HOMESTEAD,NORTHEAST,DEVELOPING,1612060
6,Polygon,Industrial,2,HOR,EMPLOYMENT,HORIZON,NORTHEAST,N/A,2315270
296,Polygon,Residential,1,HKS,2000s,HOTCHKISS,SOUTHEAST,DEVELOPING,3134160
105,Polygon,Residential,1,HOU,1950s,HOUNSFIELD HEIGHTS/BRIAR HILL,CENTRE,BUILT-OUT,1178260
144,Polygon,Residential,1,HUN,1960s/1970s,HUNTINGTON HILLS,NORTH,BUILT-OUT,4770210
7,Polygon,Residential,1,ING,INNER CITY,INGLEWOOD,CENTRE,BUILT-OUT,2500720
175,Polygon,Residential,1,KEL,1960s/1970s,KELVIN GROVE,SOUTH,BUILT-OUT,756822
13,Polygon,Residential,1,KSH,BUILDING OUT,KEYSTONE HILLS,NORTH,DEVELOPING,1200040
185,Polygon,Residential,1,KIL,1950s,KILLARNEY/GLENGARRY,CENTRE,BUILT-OUT,1843870
139,Polygon,Residential,1,KCA,2000s,KINCORA,NORTH,DEVELOPING,2271440
111,Polygon,Residential,1,KIN,1950s,KINGSLAND,SOUTH,BUILT-OUT,1328010
120,Polygon,Residential,1,LKB,1960s/1970s,LAKE BONAVISTA,SOUTH,BUILT-OUT,5206680
164,Polygon,Residential,1,LKV,1960s/1970s,LAKEVIEW,WEST,BUILT-OUT,2221870
291,Polygon,Residential,1,LEG,BUILDING OUT,LEGACY,SOUTH,DEVELOPING,6082710
83,Polygon,Residential,1,LPK,1950s,LINCOLN PARK,WEST,BUILT-OUT,1490580
214,Polygon,Residential,1,LIV,BUILDING OUT,LIVINGSTON,NORTH,DEVELOPING,5664760
122,Polygon,Residential,1,LMR,INNER CITY,LOWER MOUNT ROYAL,CENTRE,BUILT-OUT,282714
107,Polygon,Residential,1,MAC,1980s/1990s,MACEWAN GLEN,NORTH,BUILT-OUT,1418370
153,Polygon,Residential,1,MAH,BUILDING OUT,MAHOGANY,SOUTHEAST,DEVELOPING,6329560
236,Polygon,Residential,1,MAN,EMPLOYMENT,MANCHESTER,CENTRE,BUILT-OUT,474217
53,Polygon,Industrial,2,MNI,EMPLOYMENT,MANCHESTER INDUSTRIAL,CENTRE,N/A,4575940
60,Polygon,Residential,1,MPL,1960s/1970s,MAPLE RIDGE,SOUTH,BUILT-OUT,2773270
87,Polygon,Residential,1,MRL,1960s/1970s,MARLBOROUGH,NORTHEAST,BUILT-OUT,2655280
148,Polygon,Residential,1,MPK,1960s/1970s,MARLBOROUGH PARK,NORTHEAST,BUILT-OUT,2487760
239,Polygon,Residential,1,MRT,1980s/1990s,MARTINDALE,NORTHEAST,BUILT-OUT,2688570
97,Polygon,Residential,1,MAF,1950s,MAYFAIR,CENTRE,BUILT-OUT,305083
135,Polygon,Industrial,2,MLI,EMPLOYMENT,MAYLAND,NORTHEAST,N/A,1227450
160,Polygon,Residential,1,MAL,1960s/1970s,MAYLAND HEIGHTS,NORTHEAST,BUILT-OUT,2022220
80,Polygon,Industrial,2,MCI,EMPLOYMENT,MCCALL,NORTHEAST,N/A,2390240
193,Polygon,Residential,1,MCK,1980s/1990s,MCKENZIE LAKE,SOUTHEAST,BUILT-OUT,5064270
220,Polygon,Residential,1,MCT,BUILDING OUT,MCKENZIE TOWNE,SOUTHEAST,DEVELOPING,4818480
82,Polygon,Residential,1,MEA,1950s,MEADOWLARK PARK,CENTRE,BUILT-OUT,645413
5,Polygon,Residential,1,MDH,2000s,MEDICINE HILL,WEST,BUILT-OUT,1211740
126,Polygon,Industrial,2,MER,EMPLOYMENT,MERIDIAN,NORTHEAST,N/A,1382640
270,Polygon,Residential,1,MID,1960s/1970s,MIDNAPORE,SOUTH,BUILT-OUT,2891490
159,Polygon,Residential,1,MLR,1980s/1990s,MILLRISE,SOUTH,BUILT-OUT,1782510
142,Polygon,Residential,1,MIS,INNER CITY,MISSION,CENTRE,BUILT-OUT,535078
64,Polygon,Residential,1,MOR,2000s,MONTEREY PARK,NORTHEAST,BUILT-OUT,3445720
57,Polygon,Residential,1,MON,1950s,MONTGOMERY,NORTHWEST,BUILT-OUT,2952080
248,Polygon,Residential,1,MOP,INNER CITY,MOUNT PLEASANT,CENTRE,BUILT-OUT,1865240
33,Polygon,Residential,1,NEB,BUILDING OUT,NEW BRIGHTON,SOUTHEAST,DEVELOPING,2847110
51,Polygon,Residential,1,NOL,BUILDING OUT,NOLAN HILL,NORTH,DEVELOPING,2057240
127,Polygon,Industrial,2,NAW,EMPLOYMENT,NORTH AIRWAYS,NORTHEAST,N/A,1210140
227,Polygon,Residential,1,NGM,1950s,NORTH GLENMORE PARK,WEST,BUILT-OUT,1156130
233,Polygon,Residential,1,NHV,1960s/1970s,NORTH HAVEN,NORTH,BUILT-OUT,845767
18,Polygon,Residential,1,NHU,1960s/1970s,NORTH HAVEN UPPER,NORTH,BUILT-OUT,269156
152,Polygon,Major Park,3,NPK,PARKS,NOSE HILL PARK,NORTHWEST,N/A,11607800
250,Polygon,Residential,1,OAK,1960s/1970s,OAKRIDGE,SOUTH,BUILT-OUT,2420180
9,Polygon,Residential,1,OGD,1950s,OGDEN,SOUTHEAST,BUILT-OUT,4097190
131,Polygon,Industrial,2,OSH,EMPLOYMENT,OGDEN SHOPS,EAST,N/A,2220170
40,Polygon,Residential,1,PAL,1960s/1970s,PALLISER,SOUTH,BUILT-OUT,984514
260,Polygon,Residential,1,PAN,BUILDING OUT,PANORAMA HILLS,NORTH,DEVELOPING,6335980
17,Polygon,Residential,1,PKD,1950s,PARKDALE,CENTRE,BUILT-OUT,1050510
190,Polygon,Residential,1,PKH,1950s,PARKHILL,CENTRE,BUILT-OUT,657579
121,Polygon,Residential,1,PKL,1960s/1970s,PARKLAND,SOUTH,BUILT-OUT,1802140
42,Polygon,Residential,1,PAT,1980s/1990s,PATTERSON,WEST,BUILT-OUT,2049290
244,Polygon,Industrial,2,PEG,EMPLOYMENT,PEGASUS,NORTHEAST,N/A,255330
67,Polygon,Residential,1,PEN,1960s/1970s,PENBROOKE MEADOWS,EAST,BUILT-OUT,2062480
300,Polygon,Residential,1,PCK,BUILDING OUT,PINE CREEK,SOUTH,DEVELOPING,2493050
102,Polygon,Residential,1,PIN,1960s/1970s,PINERIDGE,NORTHEAST,BUILT-OUT,2641090
113,Polygon,Residential,1,POI,1960s/1970s,POINT MCKAY,CENTRE,BUILT-OUT,383946
108,Polygon,Residential,1,PUM,1960s/1970s,PUMP HILL,SOUTH,BUILT-OUT,945576
55,Polygon,Residential,1,QPK,1950s,QUEENS PARK VILLAGE,CENTRE,BUILT-OUT,621529
10,Polygon,Residential,1,QLD,1960s/1970s,QUEENSLAND,SOUTH,BUILT-OUT,1556700
206,Polygon,Residential,1,RAM,INNER CITY,RAMSAY,CENTRE,BUILT-OUT,984454
29,Polygon,Residential,1,RAN,1960s/1970s,RANCHLANDS,NORTHWEST,BUILT-OUT,2347990
293,Polygon,Residential,1,RVW,BUILDING OUT,RANGEVIEW,SOUTHEAST,DEVELOPING,4837500
212,Polygon,Residential,1,RED,1960s/1970s,RED CARPET,EAST,BUILT-OUT,540164
125,Polygon,Residential,1,RSN,BUILDING OUT,REDSTONE,NORTHEAST,DEVELOPING,1909980
265,Polygon,Residential,1,REN,INNER CITY,RENFREW,CENTRE,BUILT-OUT,2661120
205,Polygon,Residential,1,RIC,1950s,RICHMOND,CENTRE,BUILT-OUT,1906020
63,Polygon,Residential,1,RID,INNER CITY,RIDEAU PARK,CENTRE,BUILT-OUT,267136
61,Polygon,Residential,1,RIV,1980s/1990s,RIVERBEND,SOUTHEAST,BUILT-OUT,4082020
16,Polygon,Residential,1,ROC,BUILDING OUT,ROCKY RIDGE,NORTHWEST,DEVELOPING,2806430
218,Polygon,Residential,1,RDL,INNER CITY,ROSEDALE,CENTRE,BUILT-OUT,666383
124,Polygon,Residential,1,RMT,1950s,ROSEMONT,CENTRE,BUILT-OUT,449842
56,Polygon,Residential,1,RCK,1950s,ROSSCARROCK,WEST,BUILT-OUT,1062440
171,Polygon,Residential,1,ROX,INNER CITY,ROXBORO,CENTRE,BUILT-OUT,271829
182,Polygon,Residential,1,ROY,2000s,ROYAL OAK,NORTHWEST,BUILT-OUT,3544150
8,Polygon,Industrial,2,RYV,EMPLOYMENT,ROYAL VISTA,NORTHWEST,N/A,1313170
92,Polygon,Residential,1,RUN,1960s/1970s,RUNDLE,NORTHEAST,BUILT-OUT,2641710
209,Polygon,Residential,1,RUT,1950s,RUTLAND PARK,WEST,BUILT-OUT,681108
106,Polygon,Residential,1,SAD,2000s,SADDLE RIDGE,NORTHEAST,DEVELOPING,5595620
151,Polygon,Industrial,2,SRI,EMPLOYMENT,SADDLE RIDGE INDUSTRIAL,NORTHEAST,N/A,2538990
155,Polygon,Residential,1,SGH,BUILDING OUT,SAGE HILL,NORTH,DEVELOPING,3768670
226,Polygon,Residential,1,SAN,1980s/1990s,SANDSTONE VALLEY,NORTH,BUILT-OUT,1800750
104,Polygon,Residential,1,SCA,INNER CITY,SCARBORO,CENTRE,BUILT-OUT,453775
192,Polygon,Residential,1,SSW,1950s,SCARBORO/ SUNALTA WEST,CENTRE,BUILT-OUT,352765
271,Polygon,Residential,1,SCE, ,SCENIC ACRES,NORTHWEST,BUILT-OUT,4375050
163,Polygon,Industrial,2,S23,EMPLOYMENT,SECTION 23,SOUTHEAST,N/A,3116530
305,Polygon,Residential,1,SET,BUILDING OUT,SETON,SOUTHEAST,DEVELOPING,4578340
238,Polygon,Residential,1,SHG,1950s,SHAGANAPPI,CENTRE,BUILT-OUT,1480020
221,Polygon,Residential,1,SHS,1980s/1990s,SHAWNEE SLOPES,SOUTH,BUILT-OUT,1241790
224,Polygon,Residential,1,SHN,1980s/1990s,SHAWNESSY,SOUTH,BUILT-OUT,3658260
30,Polygon,Industrial,2,SHI,EMPLOYMENT,SHEPARD INDUSTRIAL,SOUTHEAST,N/A,4220680
69,Polygon,Residential,1,SHW,2000s,SHERWOOD,NORTH,DEVELOPING,2393460
129,Polygon,Residential,1,SIG,1980s/1990s,SIGNAL HILL,WEST,BUILT-OUT,5557860
22,Polygon,Residential,1,SIL,1960s/1970s,SILVER SPRINGS,NORTHWEST,BUILT-OUT,4979330
274,Polygon,Residential,1,SVO,BUILDING OUT,SILVERADO,SOUTH,DEVELOPING,5111350
170,Polygon,Industrial,2,SKE,EMPLOYMENT,SKYLINE EAST,NORTHEAST,N/A,540849
157,Polygon,Industrial,2,SKW,EMPLOYMENT,SKYLINE WEST,NORTH,N/A,826391
258,Polygon,Residential,1,SKR,2000s,SKYVIEW RANCH,NORTHEAST,DEVELOPING,2310570
215,Polygon,Residential,1,SOM,1980s/1990s,SOMERSET,SOUTH,BUILT-OUT,2344900
158,Polygon,Industrial,2,SAW,EMPLOYMENT,SOUTH AIRWAYS,NORTHEAST,N/A,1892170
243,Polygon,Residential,1,SOC,INNER CITY,SOUTH CALGARY,CENTRE,BUILT-OUT,885687
19,Polygon,Industrial,2,SFH,EMPLOYMENT,SOUTH FOOTHILLS,SOUTHEAST,N/A,3639710
75,Polygon,Residential,1,SOV,1950s,SOUTHVIEW,EAST,BUILT-OUT,1592070
24,Polygon,Residential,1,SOW,1960s/1970s,SOUTHWOOD,SOUTH,BUILT-OUT,2661640
264,Polygon,Residential,1,SPH,BUILDING OUT,SPRINGBANK HILL,WEST,DEVELOPING,6335090
119,Polygon,Residential,1,SPR,1950s,SPRUCE CLIFF,WEST,BUILT-OUT,1083510
198,Polygon,Residential,1,STA,1950s,ST. ANDREWS HEIGHTS,CENTRE,BUILT-OUT,1160660
197,Polygon,Industrial,2,STD,EMPLOYMENT,STARFIELD,EAST,N/A,4196800
54,Polygon,Industrial,2,SGL,EMPLOYMENT,STONEGATE LANDING,NORTHEAST,N/A,5436300
68,Polygon,Industrial,2,ST1,EMPLOYMENT,STONEY 1,NORTH,N/A,6239520
59,Polygon,Industrial,2,ST2,EMPLOYMENT,STONEY 2,NORTHEAST,N/A,3946250
50,Polygon,Industrial,2,ST3,EMPLOYMENT,STONEY 3,NORTHEAST,N/A,1316860
203,Polygon,Industrial,2,ST4,EMPLOYMENT,STONEY 4,NORTHEAST,N/A,4335080
145,Polygon,Residential,1,STR,1980s/1990s,STRATHCONA PARK,WEST,BUILT-OUT,2687380
0,Polygon,Residential,1,SNA,INNER CITY,SUNALTA,CENTRE,BUILT-OUT,941005
117,Polygon,Residential,1,SDC,1980s/1990s,SUNDANCE,SOUTH,BUILT-OUT,4022080
109,Polygon,Residential,1,SSD,INNER CITY,SUNNYSIDE,CENTRE,BUILT-OUT,1022400
133,Polygon,Industrial,2,SUN,EMPLOYMENT,SUNRIDGE,NORTHEAST,N/A,2262080
161,Polygon,Residential,1,TAR,2000s,TARADALE,NORTHEAST,DEVELOPING,2844450
179,Polygon,Residential,1,TEM,1960s/1970s,TEMPLE,NORTHEAST,BUILT-OUT,2625340
176,Polygon,Residential,1,THO,1950s,THORNCLIFFE,NORTH,BUILT-OUT,3270850
36,Polygon,Residential,1,TUS,2000s,TUSCANY,NORTHWEST,BUILT-OUT,6837930
150,Polygon,Residential,1,TUX,INNER CITY,TUXEDO PARK,CENTRE,BUILT-OUT,1323060
219,Polygon,Residential,1,UND,OTHER,UNIVERSITY DISTRICT,NORTHWEST,BUILT-OUT,1153030
132,Polygon,Residential,1,UNI,1960s/1970s,UNIVERSITY HEIGHTS,NORTHWEST,BUILT-OUT,817360
4,Polygon,Residential,1,UOC,OTHER,UNIVERSITY OF CALGARY,NORTHWEST,BUILT-OUT,1501590
211,Polygon,Residential,1,UMR,INNER CITY,UPPER MOUNT ROYAL,CENTRE,BUILT-OUT,1276070
168,Polygon,Residential,1,VAL,2000s,VALLEY RIDGE,WEST,BUILT-OUT,3317900
235,Polygon,Industrial,2,VAF,EMPLOYMENT,VALLEYFIELD,EAST,N/A,1209090
228,Polygon,Residential,1,VAR,1960s/1970s,VARSITY,NORTHWEST,BUILT-OUT,6850330
31,Polygon,Residential,1,VIS,1960s/1970s,VISTA HEIGHTS,NORTHEAST,BUILT-OUT,1140240
298,Polygon,Residential,1,WAL,BUILDING OUT,WALDEN,SOUTH,DEVELOPING,2459530
195,Polygon,Residential,1,WHL,INNER CITY,WEST HILLHURST,CENTRE,BUILT-OUT,2362700
1,Polygon,Residential,1,WSP,BUILDING OUT,WEST SPRINGS,WEST,DEVELOPING,4074790
249,Polygon,Residential,1,WGT,1950s,WESTGATE,WEST,BUILT-OUT,1151180
90,Polygon,Industrial,2,WES,EMPLOYMENT,WESTWINDS,NORTHEAST,N/A,1951010
114,Polygon,Residential,1,WHI,1960s/1970s,WHITEHORN,NORTHEAST,BUILT-OUT,2646460
14,Polygon,Residential,1,WLD,1950s,WILDWOOD,WEST,BUILT-OUT,2566570
213,Polygon,Residential,1,WIL,1960s/1970s,WILLOW PARK,SOUTH,BUILT-OUT,3399020
3,Polygon,Residential,1,WND,1950s,WINDSOR PARK,CENTRE,BUILT-OUT,1276490
186,Polygon,Residential,1,WIN,1950s,WINSTON HEIGHTS/MOUNTVIEW,CENTRE,BUILT-OUT,3014400
66,Polygon,Residential,1,WWO,BUILDING OUT,WOLF WILLOW,SOUTH,DEVELOPING,2860530
96,Polygon,Residential,1,WBN,1980s/1990s,WOODBINE,SOUTH,BUILT-OUT,3181040
37,Polygon,Residential,1,WOO,1980s/1990s,WOODLANDS,SOUTH,BUILT-OUT,2800760
273,Polygon,Residential,1,YKV,BUILDING OUT,YORKVILLE,SOUTH,DEVELOPING,1318080
